{"0": {"precision": 0.7509146341463414, "recall": 0.866948257655755, "f1-score": 0.8047704623427545, "support": 2841}, "1": {"precision": 0.7736526946107785, "recall": 0.6126126126126126, "f1-score": 0.683778777454353, "support": 2109}, "accuracy": 0.7585858585858586, "macro avg": {"precision": 0.76228366437856, "recall": 0.7397804351341838, "f1-score": 0.7442746198985537, "support": 4950}, "weighted avg": {"precision": 0.7606024259684622, "recall": 0.7585858585858586, "f1-score": 0.7532206717509082, "support": 4950}}