{"0": {"precision": 0.7549543881723813, "recall": 0.8447729672650475, "f1-score": 0.7973421926910299, "support": 2841}, "1": {"precision": 0.7509881422924901, "recall": 0.6306306306306306, "f1-score": 0.6855670103092784, "support": 2109}, "accuracy": 0.7535353535353535, "macro avg": {"precision": 0.7529712652324356, "recall": 0.737701798947839, "f1-score": 0.7414546015001542, "support": 4950}, "weighted avg": {"precision": 0.7532645270490095, "recall": 0.7535353535353535, "f1-score": 0.7497191907429261, "support": 4950}}