{"auc_score": 0.8052727879327113, "best_threshold": 0.42685312032699585, "best_threshold_gmean": 0.7397058457515697}