{"0": {"precision": 0.7753794266441821, "recall": 0.8092221048926435, "f1-score": 0.7919393730623493, "support": 2841}, "1": {"precision": 0.7269521410579345, "recall": 0.6842105263157895, "f1-score": 0.7049340498290181, "support": 2109}, "accuracy": 0.7559595959595959, "macro avg": {"precision": 0.7511657838510584, "recall": 0.7467163156042165, "f1-score": 0.7484367114456837, "support": 4950}, "weighted avg": {"precision": 0.7547464679974354, "recall": 0.7559595959595959, "f1-score": 0.7548698323150573, "support": 4950}}