{"auc_score": 0.8213484423121504, "best_threshold": 0.3527431786060333, "best_threshold_gmean": 0.7443533984125393}