{"0": {"precision": 0.7813057438458794, "recall": 0.7708553326293559, "f1-score": 0.776045357902197, "support": 2841}, "1": {"precision": 0.696786213320913, "recall": 0.7093409198672357, "f1-score": 0.7030075187969925, "support": 2109}, "accuracy": 0.7446464646464647, "macro avg": {"precision": 0.7390459785833962, "recall": 0.7400981262482957, "f1-score": 0.7395264383495948, "support": 4950}, "weighted avg": {"precision": 0.7452953014464543, "recall": 0.7446464646464647, "f1-score": 0.7449268119076766, "support": 4950}}