{"0": {"precision": 0.8324932144241954, "recall": 0.7557198169658571, "f1-score": 0.7922509225092251, "support": 2841}, "1": {"precision": 0.7072964993673555, "recall": 0.7951635846372689, "f1-score": 0.7486607142857143, "support": 2109}, "accuracy": 0.7725252525252525, "macro avg": {"precision": 0.7698948568957755, "recall": 0.775441700801563, "f1-score": 0.7704558183974697, "support": 4950}, "weighted avg": {"precision": 0.7791518261302812, "recall": 0.7725252525252525, "f1-score": 0.7736788519752081, "support": 4950}}