{"0": {"precision": 0.7926325817719911, "recall": 0.8785638859556494, "f1-score": 0.83338898163606, "support": 2841}, "1": {"precision": 0.8084397556912826, "recall": 0.6903745851114272, "f1-score": 0.7447570332480817, "support": 2109}, "accuracy": 0.7983838383838384, "macro avg": {"precision": 0.8005361687316368, "recall": 0.7844692355335383, "f1-score": 0.7890730074420709, "support": 4950}, "weighted avg": {"precision": 0.7993673958721499, "recall": 0.7983838383838384, "f1-score": 0.7956263999895455, "support": 4950}}