{"auc_score": 0.861043558981646, "best_threshold": 0.3471847176551819, "best_threshold_gmean": 0.7946417070281709}