{"auc_score": 0.8519443413846792, "best_threshold": 0.31008264422416687, "best_threshold_gmean": 0.7754219557864904}