{"0": {"precision": 0.7875363254762674, "recall": 0.8585005279831045, "f1-score": 0.821488716739643, "support": 2841}, "1": {"precision": 0.7830545062061521, "recall": 0.6880037932669512, "f1-score": 0.7324583543664815, "support": 2109}, "accuracy": 0.7858585858585858, "macro avg": {"precision": 0.7852954158412098, "recall": 0.7732521606250278, "f1-score": 0.7769735355530623, "support": 4950}, "weighted avg": {"precision": 0.785626798841788, "recall": 0.7858585858585858, "f1-score": 0.7835563865891384, "support": 4950}}