{"0": {"precision": 0.8282252316464719, "recall": 0.8180218233016543, "f1-score": 0.8230919072073667, "support": 2841}, "1": {"precision": 0.7588619402985075, "recall": 0.7714556661925083, "f1-score": 0.7651069833059017, "support": 2109}, "accuracy": 0.7981818181818182, "macro avg": {"precision": 0.7935435859724898, "recall": 0.7947387447470813, "f1-score": 0.7940994452566341, "support": 4950}, "weighted avg": {"precision": 0.7986722656963998, "recall": 0.7981818181818182, "f1-score": 0.7983868153875304, "support": 4950}}