{"0": {"precision": 0.7898872565766997, "recall": 0.8137979584653291, "f1-score": 0.8016643550624133, "support": 2841}, "1": {"precision": 0.7385071675729116, "recall": 0.7083926031294452, "f1-score": 0.7231364956437561, "support": 2109}, "accuracy": 0.7688888888888888, "macro avg": {"precision": 0.7641972120748056, "recall": 0.7610952807973872, "f1-score": 0.7624004253530847, "support": 4950}, "weighted avg": {"precision": 0.7679962247162978, "recall": 0.7688888888888888, "f1-score": 0.7682067276858582, "support": 4950}}