{"auc_score": 0.8590021411396391, "best_threshold": 0.4651155471801758, "best_threshold_gmean": 0.7867130142331138}