{"0": {"precision": 0.81429064549534, "recall": 0.8303414290742697, "f1-score": 0.8222377134890206, "support": 2841}, "1": {"precision": 0.7652216268874817, "recall": 0.7449027975343765, "f1-score": 0.754925516578568, "support": 2109}, "accuracy": 0.793939393939394, "macro avg": {"precision": 0.7897561361914109, "recall": 0.7876221133043231, "f1-score": 0.7885816150337943, "support": 4950}, "weighted avg": {"precision": 0.7933842696884768, "recall": 0.793939393939394, "f1-score": 0.7935586380780824, "support": 4950}}