{"0": {"precision": 0.810841121495327, "recall": 0.7634635691657867, "f1-score": 0.7864394488759971, "support": 2841}, "1": {"precision": 0.7046153846153846, "recall": 0.7600758653390233, "f1-score": 0.7312956204379562, "support": 2109}, "accuracy": 0.762020202020202, "macro avg": {"precision": 0.7577282530553558, "recall": 0.7617697172524049, "f1-score": 0.7588675346569766, "support": 4950}, "weighted avg": {"precision": 0.7655825196610243, "recall": 0.762020202020202, "f1-score": 0.7629448359111833, "support": 4950}}