{"auc_score": 0.843528739655011, "best_threshold": 0.3610611855983734, "best_threshold_gmean": 0.7620054039369872}