{"0": {"precision": 0.8104330037504262, "recall": 0.8366772263287575, "f1-score": 0.8233460339452718, "support": 2841}, "1": {"precision": 0.7699553792761527, "recall": 0.7363679468942627, "f1-score": 0.7527872031022783, "support": 2109}, "accuracy": 0.793939393939394, "macro avg": {"precision": 0.7901941915132894, "recall": 0.7865225866115101, "f1-score": 0.788066618523775, "support": 4950}, "weighted avg": {"precision": 0.7931870825350236, "recall": 0.793939393939394, "f1-score": 0.7932836957133782, "support": 4950}}