{"auc_score": 0.855026788028511, "best_threshold": 0.4712480902671814, "best_threshold_gmean": 0.7800298036770472}