{"0": {"precision": 0.7857369255150555, "recall": 0.872580077437522, "f1-score": 0.8268845897264843, "support": 2841}, "1": {"precision": 0.7983286908077994, "recall": 0.6794689426268373, "f1-score": 0.7341188524590164, "support": 2109}, "accuracy": 0.7903030303030303, "macro avg": {"precision": 0.7920328081614274, "recall": 0.7760245100321796, "f1-score": 0.7805017210927503, "support": 4950}, "weighted avg": {"precision": 0.7911017806670549, "recall": 0.7903030303030303, "f1-score": 0.7873607634846479, "support": 4950}}