{"auc_score": 0.8511139383700935, "best_threshold": 0.33727920055389404, "best_threshold_gmean": 0.7812131975132868}