{"0": {"precision": 0.8322531452535264, "recall": 0.7683914114748328, "f1-score": 0.7990483162518301, "support": 2841}, "1": {"precision": 0.7172324881822089, "recall": 0.7913703176861071, "f1-score": 0.7524797114517584, "support": 2109}, "accuracy": 0.7781818181818182, "macro avg": {"precision": 0.7747428167178676, "recall": 0.77988086458047, "f1-score": 0.7757640138517943, "support": 4950}, "weighted avg": {"precision": 0.7832473743922317, "recall": 0.7781818181818182, "f1-score": 0.7792072682673147, "support": 4950}}