{"0": {"precision": 0.7735212994177137, "recall": 0.8884195705737417, "f1-score": 0.8269986893840106, "support": 2841}, "1": {"precision": 0.8120924718435092, "recall": 0.6495969653864391, "f1-score": 0.7218124341412012, "support": 2109}, "accuracy": 0.7866666666666666, "macro avg": {"precision": 0.7928068856306114, "recall": 0.7690082679800904, "f1-score": 0.7744055617626059, "support": 4950}, "weighted avg": {"precision": 0.7899549565179161, "recall": 0.7866666666666666, "f1-score": 0.7821829697260136, "support": 4950}}