{"0": {"precision": 0.8212209302325582, "recall": 0.7954945441745864, "f1-score": 0.808153048453424, "support": 2841}, "1": {"precision": 0.7356687898089171, "recall": 0.7667140825035562, "f1-score": 0.7508706756443, "support": 2109}, "accuracy": 0.7832323232323233, "macro avg": {"precision": 0.7784448600207377, "recall": 0.7811043133390714, "f1-score": 0.7795118620488619, "support": 4950}, "weighted avg": {"precision": 0.7847705334338796, "recall": 0.7832323232323233, "f1-score": 0.783747285977779, "support": 4950}}