{"0": {"precision": 0.7991147429349676, "recall": 0.8261175642379444, "f1-score": 0.81239183108342, "support": 2841}, "1": {"precision": 0.754595131644312, "recall": 0.7202465623518255, "f1-score": 0.7370208636584182, "support": 2109}, "accuracy": 0.781010101010101, "macro avg": {"precision": 0.7768549372896398, "recall": 0.7731820632948849, "f1-score": 0.774706347370919, "support": 4950}, "weighted avg": {"precision": 0.7801466903668883, "recall": 0.781010101010101, "f1-score": 0.7802792310229496, "support": 4950}}