{"0": {"precision": 0.7834353851111827, "recall": 0.8556846180922211, "f1-score": 0.8179676985195155, "support": 2841}, "1": {"precision": 0.7780184082295615, "recall": 0.6813655761024182, "f1-score": 0.7264914054600606, "support": 2109}, "accuracy": 0.7814141414141414, "macro avg": {"precision": 0.7807268966703721, "recall": 0.7685250970973196, "f1-score": 0.772229551989788, "support": 4950}, "weighted avg": {"precision": 0.7811274246579829, "recall": 0.7814141414141414, "f1-score": 0.7789932536584265, "support": 4950}}