{"0": {"precision": 0.8161917998610146, "recall": 0.8268215417106652, "f1-score": 0.8214722853645743, "support": 2841}, "1": {"precision": 0.7625482625482626, "recall": 0.7491702228544334, "f1-score": 0.7558000478354461, "support": 2109}, "accuracy": 0.7937373737373737, "macro avg": {"precision": 0.7893700312046386, "recall": 0.7879958822825492, "f1-score": 0.7886361666000101, "support": 4950}, "weighted avg": {"precision": 0.7933364018423087, "recall": 0.7937373737373737, "f1-score": 0.7934919320415579, "support": 4950}}