{"0": {"precision": 0.7991522660580371, "recall": 0.8627243928194298, "f1-score": 0.8297224102911307, "support": 2841}, "1": {"precision": 0.7928836962294211, "recall": 0.70791844476055, "f1-score": 0.7479959919839679, "support": 2109}, "accuracy": 0.7967676767676768, "macro avg": {"precision": 0.7960179811437291, "recall": 0.78532141878999, "f1-score": 0.7888592011375493, "support": 4950}, "weighted avg": {"precision": 0.7964814753977238, "recall": 0.7967676767676768, "f1-score": 0.7949020029760183, "support": 4950}}