{"auc_score": 0.8425908540675394, "best_threshold": 0.4354112148284912, "best_threshold_gmean": 0.7716216989546222}