{"auc_score": 0.8602365217437744, "best_threshold": 0.45229023694992065, "best_threshold_gmean": 0.7872878273019406}