{"0": {"precision": 0.7570888468809074, "recall": 0.8458289334741288, "f1-score": 0.7990024937655861, "support": 2841}, "1": {"precision": 0.7533783783783784, "recall": 0.6344238975817923, "f1-score": 0.6888030888030888, "support": 2109}, "accuracy": 0.7557575757575757, "macro avg": {"precision": 0.7552336126296428, "recall": 0.7401264155279605, "f1-score": 0.7439027912843375, "support": 4950}, "weighted avg": {"precision": 0.7555079624219511, "recall": 0.7557575757575757, "f1-score": 0.7520508684997463, "support": 4950}}