{"auc_score": 0.8267315000211126, "best_threshold": 0.4776725769042969, "best_threshold_gmean": 0.7552129454074019}