{"auc_score": 0.8213365925253883, "best_threshold": 0.3676418662071228, "best_threshold_gmean": 0.7473076790831295}