{"0": {"precision": 0.7991250455705432, "recall": 0.7715593101020767, "f1-score": 0.7851002865329513, "support": 2841}, "1": {"precision": 0.7059356592659719, "recall": 0.7387387387387387, "f1-score": 0.7219647822057461, "support": 2109}, "accuracy": 0.7575757575757576, "macro avg": {"precision": 0.7525303524182576, "recall": 0.7551490244204078, "f1-score": 0.7535325343693486, "support": 4950}, "weighted avg": {"precision": 0.7594207191632015, "recall": 0.7575757575757576, "f1-score": 0.7582007352953603, "support": 4950}}