{"0": {"precision": 0.7869318181818182, "recall": 0.7800070397747272, "f1-score": 0.7834541276294857, "support": 2841}, "1": {"precision": 0.7071227741330834, "recall": 0.7155049786628734, "f1-score": 0.711289182182418, "support": 2109}, "accuracy": 0.7525252525252525, "macro avg": {"precision": 0.7470272961574509, "recall": 0.7477560092188003, "f1-score": 0.7473716549059519, "support": 4950}, "weighted avg": {"precision": 0.7529283285052967, "recall": 0.7525252525252525, "f1-score": 0.7527074872359775, "support": 4950}}