{"0": {"precision": 0.7612542688606023, "recall": 0.8630763815557903, "f1-score": 0.8089739359947212, "support": 2841}, "1": {"precision": 0.7750144592249856, "recall": 0.6353722143195828, "f1-score": 0.6982803543512246, "support": 2109}, "accuracy": 0.7660606060606061, "macro avg": {"precision": 0.768134364042794, "recall": 0.7492242979376865, "f1-score": 0.7536271451729729, "support": 4950}, "weighted avg": {"precision": 0.7671169439067607, "recall": 0.7660606060606061, "f1-score": 0.7618117615126739, "support": 4950}}