{"auc_score": 0.8299817630112745, "best_threshold": 0.4259335398674011, "best_threshold_gmean": 0.756952825061743}