{"0": {"precision": 0.79554162312783, "recall": 0.8039422738472369, "f1-score": 0.7997198879551822, "support": 2841}, "1": {"precision": 0.7320827320827321, "recall": 0.7216690374585112, "f1-score": 0.7268385864374404, "support": 2109}, "accuracy": 0.7688888888888888, "macro avg": {"precision": 0.7638121776052811, "recall": 0.7628056556528741, "f1-score": 0.7632792371963113, "support": 4950}, "weighted avg": {"precision": 0.7685042895492218, "recall": 0.7688888888888888, "f1-score": 0.7686680364600474, "support": 4950}}