{"0": {"precision": 0.7609102244389028, "recall": 0.8592045054558254, "f1-score": 0.8070755496776326, "support": 2841}, "1": {"precision": 0.7703788748564868, "recall": 0.6363205310573732, "f1-score": 0.6969618280965983, "support": 2109}, "accuracy": 0.7642424242424243, "macro avg": {"precision": 0.7656445496476948, "recall": 0.7477625182565992, "f1-score": 0.7520186888871154, "support": 4950}, "weighted avg": {"precision": 0.7649444433743946, "recall": 0.7642424242424243, "f1-score": 0.7601604307252283, "support": 4950}}