{"0": {"precision": 0.7953091684434968, "recall": 0.7877507919746568, "f1-score": 0.7915119363395225, "support": 2841}, "1": {"precision": 0.7176966292134831, "recall": 0.7268847795163584, "f1-score": 0.72226148409894, "support": 2109}, "accuracy": 0.7618181818181818, "macro avg": {"precision": 0.7565028988284899, "recall": 0.7573177857455076, "f1-score": 0.7568867102192313, "support": 4950}, "weighted avg": {"precision": 0.7622415229412546, "recall": 0.7618181818181818, "f1-score": 0.762007046687929, "support": 4950}}