{"auc_score": 0.8336420119335697, "best_threshold": 0.47612443566322327, "best_threshold_gmean": 0.7619458267467546}