{"0": {"precision": 0.7885073104386263, "recall": 0.8162618796198522, "f1-score": 0.8021445866482187, "support": 2841}, "1": {"precision": 0.7401692384270782, "recall": 0.7050734945471787, "f1-score": 0.722195240407965, "support": 2109}, "accuracy": 0.7688888888888888, "macro avg": {"precision": 0.7643382744328522, "recall": 0.7606676870835154, "f1-score": 0.7621699135280919, "support": 4950}, "weighted avg": {"precision": 0.7679123621815849, "recall": 0.7688888888888888, "f1-score": 0.768081319734947, "support": 4950}}