{"0": {"precision": 0.7659163987138263, "recall": 0.8384371700105596, "f1-score": 0.8005377247521425, "support": 2841}, "1": {"precision": 0.7505434782608695, "recall": 0.6548127074442864, "f1-score": 0.6994175740693847, "support": 2109}, "accuracy": 0.7602020202020202, "macro avg": {"precision": 0.7582299384873479, "recall": 0.7466249387274231, "f1-score": 0.7499776494107635, "support": 4950}, "weighted avg": {"precision": 0.7593666029087182, "recall": 0.7602020202020202, "f1-score": 0.7574544120673069, "support": 4950}}