{"0": {"precision": 0.7666666666666667, "recall": 0.8095740936290039, "f1-score": 0.7875363807567198, "support": 2841}, "1": {"precision": 0.7225641025641025, "recall": 0.6680891417733523, "f1-score": 0.6942596698694259, "support": 2109}, "accuracy": 0.7492929292929293, "macro avg": {"precision": 0.7446153846153847, "recall": 0.7388316177011781, "f1-score": 0.7408980253130728, "support": 4950}, "weighted avg": {"precision": 0.7478763014763016, "recall": 0.7492929292929293, "f1-score": 0.7477948487847395, "support": 4950}}