{"auc_score": 0.8227009869870983, "best_threshold": 0.4342764914035797, "best_threshold_gmean": 0.7536847647034085}