{"0": {"precision": 0.79010179010179, "recall": 0.7923266455473424, "f1-score": 0.7912126537785588, "support": 2841}, "1": {"precision": 0.7191813422179915, "recall": 0.7164532954006638, "f1-score": 0.717814726840855, "support": 2109}, "accuracy": 0.76, "macro avg": {"precision": 0.7546415661598908, "recall": 0.7543899704740031, "f1-score": 0.7545136903097069, "support": 4950}, "weighted avg": {"precision": 0.7598853810943292, "recall": 0.76, "f1-score": 0.7599406885438886, "support": 4950}}