{"0": {"precision": 0.770297699594046, "recall": 0.8014783526927138, "f1-score": 0.7855787476280834, "support": 2841}, "1": {"precision": 0.7171514543630892, "recall": 0.6780464675201517, "f1-score": 0.6970509383378016, "support": 2109}, "accuracy": 0.7488888888888889, "macro avg": {"precision": 0.7437245769785676, "recall": 0.7397624101064328, "f1-score": 0.7413148429829426, "support": 4950}, "weighted avg": {"precision": 0.747654178141099, "recall": 0.7488888888888889, "f1-score": 0.7478605355486482, "support": 4950}}