{"auc_score": 0.812172201101229, "best_threshold": 0.4866875112056732, "best_threshold_gmean": 0.7374412474940513}