{"auc_score": 0.8528631171047665, "best_threshold": 0.24280180037021637, "best_threshold_gmean": 0.780039004080752}