{"0": {"precision": 0.8203636363636364, "recall": 0.7940865892291447, "f1-score": 0.8070112681094617, "support": 2841}, "1": {"precision": 0.7340909090909091, "recall": 0.7657657657657657, "f1-score": 0.7495938732884659, "support": 2109}, "accuracy": 0.7820202020202021, "macro avg": {"precision": 0.7772272727272728, "recall": 0.7799261774974552, "f1-score": 0.7783025706989638, "support": 4950}, "weighted avg": {"precision": 0.7836062258953169, "recall": 0.7820202020202021, "f1-score": 0.7825479780736072, "support": 4950}}