{"0": {"precision": 0.7622853759621078, "recall": 0.9063709961281239, "f1-score": 0.8281074127673259, "support": 2841}, "1": {"precision": 0.8307888040712468, "recall": 0.6192508297771455, "f1-score": 0.7095897853844063, "support": 2109}, "accuracy": 0.7840404040404041, "macro avg": {"precision": 0.7965370900166773, "recall": 0.7628109129526347, "f1-score": 0.7688485990758661, "support": 4950}, "weighted avg": {"precision": 0.7914719880595167, "recall": 0.7840404040404041, "f1-score": 0.7776117206156942, "support": 4950}}