{"0": {"precision": 0.7853674328261573, "recall": 0.8539246744104189, "f1-score": 0.818212478920742, "support": 2841}, "1": {"precision": 0.7770016120365395, "recall": 0.6856330014224751, "f1-score": 0.7284634760705289, "support": 2109}, "accuracy": 0.7822222222222223, "macro avg": {"precision": 0.7811845224313484, "recall": 0.769778837916447, "f1-score": 0.7733379774956355, "support": 4950}, "weighted avg": {"precision": 0.7818030861503382, "recall": 0.7822222222222223, "f1-score": 0.7799739643730451, "support": 4950}}