{"0": {"precision": 0.8065550409690061, "recall": 0.7969024991200282, "f1-score": 0.8016997167138811, "support": 2841}, "1": {"precision": 0.7307512832477835, "recall": 0.7425320056899004, "f1-score": 0.7365945437441205, "support": 2109}, "accuracy": 0.7737373737373737, "macro avg": {"precision": 0.7686531621083947, "recall": 0.7697172524049642, "f1-score": 0.7691471302290007, "support": 4950}, "weighted avg": {"precision": 0.7742580460126307, "recall": 0.7737373737373737, "f1-score": 0.7739609672607043, "support": 4950}}