{"auc_score": 0.8357365869176018, "best_threshold": 0.3723430633544922, "best_threshold_gmean": 0.7694825982438068}