{"auc_score": 0.8253315561991157, "best_threshold": 0.4204113781452179, "best_threshold_gmean": 0.7577504582139744}