{"0": {"precision": 0.8014678899082569, "recall": 0.7687434002111933, "f1-score": 0.7847646424721523, "support": 2841}, "1": {"precision": 0.7047191011235955, "recall": 0.7434803224276908, "f1-score": 0.7235809875403785, "support": 2109}, "accuracy": 0.757979797979798, "macro avg": {"precision": 0.7530934955159262, "recall": 0.756111861319442, "f1-score": 0.7541728150062654, "support": 4950}, "weighted avg": {"precision": 0.7602470423230345, "recall": 0.757979797979798, "f1-score": 0.7586966973709177, "support": 4950}}