{"0": {"precision": 0.7944287729196051, "recall": 0.7930306230200633, "f1-score": 0.7937290822617579, "support": 2841}, "1": {"precision": 0.7218543046357616, "recall": 0.723565670934092, "f1-score": 0.7227089746625622, "support": 2109}, "accuracy": 0.7634343434343435, "macro avg": {"precision": 0.7581415387776833, "recall": 0.7582981469770776, "f1-score": 0.75821902846216, "support": 4950}, "weighted avg": {"precision": 0.7635076509780645, "recall": 0.7634343434343435, "f1-score": 0.7634702121755551, "support": 4950}}