{"0": {"precision": 0.7706127686878409, "recall": 0.8454769447377684, "f1-score": 0.8063108425646189, "support": 2841}, "1": {"precision": 0.7605019094380796, "recall": 0.6609767662399242, "f1-score": 0.7072552004058854, "support": 2109}, "accuracy": 0.7668686868686869, "macro avg": {"precision": 0.7655573390629602, "recall": 0.7532268554888463, "f1-score": 0.7567830214852522, "support": 4950}, "weighted avg": {"precision": 0.7663049298680941, "recall": 0.7668686868686869, "f1-score": 0.7641071356327463, "support": 4950}}