{"0": {"precision": 0.7698973042362003, "recall": 0.844420978528687, "f1-score": 0.8054389793520228, "support": 2841}, "1": {"precision": 0.7589967284623773, "recall": 0.6600284495021337, "f1-score": 0.7060613745878772, "support": 2109}, "accuracy": 0.7658585858585859, "macro avg": {"precision": 0.7644470163492888, "recall": 0.7522247140154104, "f1-score": 0.75575017696995, "support": 4950}, "weighted avg": {"precision": 0.7652529983155958, "recall": 0.7658585858585859, "f1-score": 0.7630980968373596, "support": 4950}}