{"auc_score": 0.825806632509239, "best_threshold": 0.37604987621307373, "best_threshold_gmean": 0.756247378289618}