{"0": {"precision": 0.8159660897209466, "recall": 0.8130939809926082, "f1-score": 0.8145275035260929, "support": 2841}, "1": {"precision": 0.7494100991033507, "recall": 0.752963489805595, "f1-score": 0.751182592242195, "support": 2109}, "accuracy": 0.7874747474747474, "macro avg": {"precision": 0.7826880944121486, "recall": 0.7830287353991017, "f1-score": 0.782855047884144, "support": 4950}, "weighted avg": {"precision": 0.7876092040214497, "recall": 0.7874747474747474, "f1-score": 0.78753873223362, "support": 4950}}