{"auc_score": 0.8593396931639582, "best_threshold": 0.4715571403503418, "best_threshold_gmean": 0.7826976534932913}