{"0": {"precision": 0.8096085409252669, "recall": 0.800774375219993, "f1-score": 0.805167227039462, "support": 2841}, "1": {"precision": 0.7355140186915888, "recall": 0.7463252726410621, "f1-score": 0.7408802071075548, "support": 2109}, "accuracy": 0.7775757575757576, "macro avg": {"precision": 0.7725612798084278, "recall": 0.7735498239305275, "f1-score": 0.7730237170735084, "support": 4950}, "weighted avg": {"precision": 0.778039783876615, "recall": 0.7775757575757576, "f1-score": 0.7777770603654434, "support": 4950}}