{"0": {"precision": 0.798233695652174, "recall": 0.8271735304470257, "f1-score": 0.8124459809853068, "support": 2841}, "1": {"precision": 0.755234297108674, "recall": 0.7183499288762447, "f1-score": 0.7363304981773999, "support": 2109}, "accuracy": 0.7808080808080808, "macro avg": {"precision": 0.776733996380424, "recall": 0.7727617296616351, "f1-score": 0.7743882395813534, "support": 4950}, "weighted avg": {"precision": 0.7799133458484888, "recall": 0.7808080808080808, "f1-score": 0.7800161722495744, "support": 4950}}