{"auc_score": 0.8482781675690029, "best_threshold": 0.4539933204650879, "best_threshold_gmean": 0.7733161370239501}