{"0": {"precision": 0.7688875669244497, "recall": 0.9098908834917283, "f1-score": 0.8334676769305175, "support": 2841}, "1": {"precision": 0.8387909319899244, "recall": 0.631578947368421, "f1-score": 0.7205842575060859, "support": 2109}, "accuracy": 0.7913131313131313, "macro avg": {"precision": 0.8038392494571871, "recall": 0.7707349154300747, "f1-score": 0.7770259672183017, "support": 4950}, "weighted avg": {"precision": 0.7986706370099216, "recall": 0.7913131313131313, "f1-score": 0.7853724988363506, "support": 4950}}