{"auc_score": 0.8385474898563321, "best_threshold": 0.34081077575683594, "best_threshold_gmean": 0.7660744322265636}