{"auc_score": 0.8399609524491424, "best_threshold": 0.45676660537719727, "best_threshold_gmean": 0.7664297914402206}