{"0": {"precision": 0.7902192242833053, "recall": 0.8247096092925026, "f1-score": 0.8070961074750258, "support": 2841}, "1": {"precision": 0.74911838790932, "recall": 0.7050734945471787, "f1-score": 0.7264289203712749, "support": 2109}, "accuracy": 0.7737373737373737, "macro avg": {"precision": 0.7696688060963126, "recall": 0.7648915519198407, "f1-score": 0.7667625139231504, "support": 4950}, "weighted avg": {"precision": 0.7727077770282073, "recall": 0.7737373737373737, "f1-score": 0.7727269968483974, "support": 4950}}