{"0": {"precision": 0.7432972047917855, "recall": 0.9172826469552974, "f1-score": 0.8211753584370569, "support": 2841}, "1": {"precision": 0.8372576177285319, "recall": 0.5732574679943101, "f1-score": 0.680551646495919, "support": 2109}, "accuracy": 0.7707070707070707, "macro avg": {"precision": 0.7902774112601587, "recall": 0.7452700574748037, "f1-score": 0.750863502466488, "support": 4950}, "weighted avg": {"precision": 0.7833300352733205, "recall": 0.7707070707070707, "f1-score": 0.7612611345009237, "support": 4950}}