{"0": {"precision": 0.8014809590973202, "recall": 0.8000703977472721, "f1-score": 0.8007750572485468, "support": 2841}, "1": {"precision": 0.7313150425733207, "recall": 0.7330488383119962, "f1-score": 0.7321809140421502, "support": 2109}, "accuracy": 0.7715151515151515, "macro avg": {"precision": 0.7663980008353204, "recall": 0.7665596180296341, "f1-score": 0.7664779856453485, "support": 4950}, "weighted avg": {"precision": 0.7715860261783071, "recall": 0.7715151515151515, "f1-score": 0.7715497950218214, "support": 4950}}