{"0": {"precision": 0.8121996303142329, "recall": 0.7733192537838789, "f1-score": 0.7922827262892175, "support": 2841}, "1": {"precision": 0.7131403118040089, "recall": 0.7591275486012328, "f1-score": 0.735415709692237, "support": 2109}, "accuracy": 0.7672727272727272, "macro avg": {"precision": 0.7626699710591209, "recall": 0.7662234011925558, "f1-score": 0.7638492179907272, "support": 4950}, "weighted avg": {"precision": 0.7699943570338162, "recall": 0.7672727272727272, "f1-score": 0.7680539307330494, "support": 4950}}