{"auc_score": 0.8573271487460339, "best_threshold": 0.4603360593318939, "best_threshold_gmean": 0.7820429619742048}