{"auc_score": 0.84465463629583, "best_threshold": 0.36547940969467163, "best_threshold_gmean": 0.7677352447740861}