{"0": {"precision": 0.7814361868924428, "recall": 0.8771559310102077, "f1-score": 0.8265339966832504, "support": 2841}, "1": {"precision": 0.8018171493469619, "recall": 0.6695116168800379, "f1-score": 0.7297157622739018, "support": 2109}, "accuracy": 0.7886868686868687, "macro avg": {"precision": 0.7916266681197024, "recall": 0.7733337739451228, "f1-score": 0.7781248794785761, "support": 4950}, "weighted avg": {"precision": 0.7901197121079135, "recall": 0.7886868686868687, "f1-score": 0.7852835610530855, "support": 4950}}