{"0": {"precision": 0.8106427090532136, "recall": 0.8257655755015839, "f1-score": 0.8181342632955536, "support": 2841}, "1": {"precision": 0.7592412451361867, "recall": 0.7401612138454243, "f1-score": 0.7495798319327731, "support": 2109}, "accuracy": 0.7892929292929293, "macro avg": {"precision": 0.7849419770947001, "recall": 0.7829633946735042, "f1-score": 0.7838570476141633, "support": 4950}, "weighted avg": {"precision": 0.7887425701843228, "recall": 0.7892929292929293, "f1-score": 0.7889259207209871, "support": 4950}}