{"0": {"precision": 0.7567966903073287, "recall": 0.9014431538190778, "f1-score": 0.8228112449799198, "support": 2841}, "1": {"precision": 0.8212005108556832, "recall": 0.6097676623992413, "f1-score": 0.6998639455782312, "support": 2109}, "accuracy": 0.7771717171717172, "macro avg": {"precision": 0.788998600581506, "recall": 0.7556054081091595, "f1-score": 0.7613375952790755, "support": 4950}, "weighted avg": {"precision": 0.784236621122779, "recall": 0.7771717171717172, "f1-score": 0.7704282440833216, "support": 4950}}