{"0": {"precision": 0.8135405105438401, "recall": 0.7740232312565998, "f1-score": 0.7932900432900432, "support": 2841}, "1": {"precision": 0.7142857142857143, "recall": 0.7610241820768137, "f1-score": 0.7369146005509641, "support": 2109}, "accuracy": 0.7684848484848484, "macro avg": {"precision": 0.7639131124147772, "recall": 0.7675237066667067, "f1-score": 0.7651023219205036, "support": 4950}, "weighted avg": {"precision": 0.7712519518956811, "recall": 0.7684848484848484, "f1-score": 0.7692706879896962, "support": 4950}}