{"auc_score": 0.8263512220050874, "best_threshold": 0.49826350808143616, "best_threshold_gmean": 0.7549490310739789}