{"0": {"precision": 0.7771935589878409, "recall": 0.8324533614924322, "f1-score": 0.8038749150237934, "support": 2841}, "1": {"precision": 0.7503932878867331, "recall": 0.6785206258890469, "f1-score": 0.7126494023904382, "support": 2109}, "accuracy": 0.7668686868686869, "macro avg": {"precision": 0.763793423437287, "recall": 0.7554869936907396, "f1-score": 0.7582621587071158, "support": 4950}, "weighted avg": {"precision": 0.7657750192399143, "recall": 0.7668686868686869, "f1-score": 0.7650073178230367, "support": 4950}}