{"0": {"precision": 0.7825359652057544, "recall": 0.8233016543470609, "f1-score": 0.8024013722126929, "support": 2841}, "1": {"precision": 0.7440081591024987, "recall": 0.6917970602181128, "f1-score": 0.7169533169533169, "support": 2109}, "accuracy": 0.7672727272727272, "macro avg": {"precision": 0.7632720621541266, "recall": 0.7575493572825869, "f1-score": 0.759677344583005, "support": 4950}, "weighted avg": {"precision": 0.7661207847872158, "recall": 0.7672727272727272, "f1-score": 0.765995322002183, "support": 4950}}