{"auc_score": 0.8144764004820695, "best_threshold": 0.4301726818084717, "best_threshold_gmean": 0.7478452713867927}