{"0": {"precision": 0.7451096621221103, "recall": 0.8848996832101372, "f1-score": 0.8090104585679807, "support": 2841}, "1": {"precision": 0.7925126903553299, "recall": 0.5922238027501185, "f1-score": 0.6778833107191315, "support": 2109}, "accuracy": 0.7602020202020202, "macro avg": {"precision": 0.7688111762387201, "recall": 0.7385617429801279, "f1-score": 0.7434468846435561, "support": 4950}, "weighted avg": {"precision": 0.7653062250602639, "recall": 0.7602020202020202, "f1-score": 0.7531423464845013, "support": 4950}}