{"0": {"precision": 0.7835768963117606, "recall": 0.7926786342837029, "f1-score": 0.7881014873140857, "support": 2841}, "1": {"precision": 0.7162813102119461, "recall": 0.7050734945471787, "f1-score": 0.7106332138590203, "support": 2109}, "accuracy": 0.7553535353535353, "macro avg": {"precision": 0.7499291032618534, "recall": 0.7488760644154409, "f1-score": 0.749367350586553, "support": 4950}, "weighted avg": {"precision": 0.75490489811287, "recall": 0.7553535353535353, "f1-score": 0.7550953077753518, "support": 4950}}