{"auc_score": 0.8515259270830882, "best_threshold": 0.4480047821998596, "best_threshold_gmean": 0.7762331848658793}