{"0": {"precision": 0.812168376370711, "recall": 0.8081661386835621, "f1-score": 0.8101623147494706, "support": 2841}, "1": {"precision": 0.743287800282619, "recall": 0.748221906116643, "f1-score": 0.7457466918714557, "support": 2109}, "accuracy": 0.7826262626262627, "macro avg": {"precision": 0.7777280883266651, "recall": 0.7781940224001025, "f1-score": 0.7779545033104631, "support": 4950}, "weighted avg": {"precision": 0.7828210763768149, "recall": 0.7826262626262627, "f1-score": 0.7827173554262922, "support": 4950}}