{"0": {"precision": 0.7634248210023866, "recall": 0.9007391763463569, "f1-score": 0.8264169223316649, "support": 2841}, "1": {"precision": 0.8235294117647058, "recall": 0.6239924134660977, "f1-score": 0.7100080927974104, "support": 2109}, "accuracy": 0.7828282828282829, "macro avg": {"precision": 0.7934771163835462, "recall": 0.7623657949062272, "f1-score": 0.7682125075645376, "support": 4950}, "weighted avg": {"precision": 0.7890330193696051, "recall": 0.7828282828282829, "f1-score": 0.7768197058694947, "support": 4950}}