{"0": {"precision": 0.8134622269960616, "recall": 0.7997184090109116, "f1-score": 0.8065317713880015, "support": 2841}, "1": {"precision": 0.7362076958738989, "recall": 0.752963489805595, "f1-score": 0.7444913267698078, "support": 2109}, "accuracy": 0.7797979797979798, "macro avg": {"precision": 0.7748349614349803, "recall": 0.7763409494082534, "f1-score": 0.7755115490789046, "support": 4950}, "weighted avg": {"precision": 0.780547114645225, "recall": 0.7797979797979798, "f1-score": 0.7800987819537045, "support": 4950}}