{"0": {"precision": 0.7868532378782949, "recall": 0.8511087645195353, "f1-score": 0.8177206628339532, "support": 2841}, "1": {"precision": 0.7746403835908364, "recall": 0.6894262683736367, "f1-score": 0.7295534370296035, "support": 2109}, "accuracy": 0.7822222222222223, "macro avg": {"precision": 0.7807468107345656, "recall": 0.770267516446586, "f1-score": 0.7736370499317784, "support": 4950}, "weighted avg": {"precision": 0.7816498217788505, "recall": 0.7822222222222223, "f1-score": 0.7801560811730697, "support": 4950}}