{"auc_score": 0.8535546606463074, "best_threshold": 0.3247941732406616, "best_threshold_gmean": 0.7778629747473886}