{"0": {"precision": 0.7946103423160962, "recall": 0.7680394227384724, "f1-score": 0.7810989797744764, "support": 2841}, "1": {"precision": 0.7009981851179673, "recall": 0.732574679943101, "f1-score": 0.7164386737769534, "support": 2109}, "accuracy": 0.7529292929292929, "macro avg": {"precision": 0.7478042637170317, "recall": 0.7503070513407867, "f1-score": 0.7487688267757149, "support": 4950}, "weighted avg": {"precision": 0.7547258898856206, "recall": 0.7529292929292929, "f1-score": 0.7535497706131075, "support": 4950}}