{"0": {"precision": 0.7663043478260869, "recall": 0.8437170010559663, "f1-score": 0.8031496062992126, "support": 2841}, "1": {"precision": 0.756311745334797, "recall": 0.6533902323376007, "f1-score": 0.701093869244467, "support": 2109}, "accuracy": 0.7626262626262627, "macro avg": {"precision": 0.7613080465804419, "recall": 0.7485536166967834, "f1-score": 0.7521217377718399, "support": 4950}, "weighted avg": {"precision": 0.7620468935525252, "recall": 0.7626262626262627, "f1-score": 0.7596676771177059, "support": 4950}}