{"auc_score": 0.828783265564236, "best_threshold": 0.4920957088470459, "best_threshold_gmean": 0.7550975771223192}