{"0": {"precision": 0.7915641476274166, "recall": 0.7926786342837029, "f1-score": 0.7921209989447766, "support": 2841}, "1": {"precision": 0.7201900237529691, "recall": 0.7188240872451399, "f1-score": 0.7195064072140483, "support": 2109}, "accuracy": 0.7612121212121212, "macro avg": {"precision": 0.7558770856901929, "recall": 0.7557513607644214, "f1-score": 0.7558137030794125, "support": 4950}, "weighted avg": {"precision": 0.7611544451524247, "recall": 0.7612121212121212, "f1-score": 0.7611827819831392, "support": 4950}}