{"auc_score": 0.8220368147839943, "best_threshold": 0.438154399394989, "best_threshold_gmean": 0.7503401939228987}