{"0": {"precision": 0.7442205097806758, "recall": 0.883843717001056, "f1-score": 0.80804505229284, "support": 2841}, "1": {"precision": 0.7906091370558376, "recall": 0.590801327643433, "f1-score": 0.6762550881953868, "support": 2109}, "accuracy": 0.758989898989899, "macro avg": {"precision": 0.7674148234182567, "recall": 0.7373225223222445, "f1-score": 0.7421500702441134, "support": 4950}, "weighted avg": {"precision": 0.7639848764318508, "recall": 0.758989898989899, "f1-score": 0.7518945403167736, "support": 4950}}